"Temp","Yield"
21.6814269396566,102.9
20.6905324684498,99.4
15.3238750575526,73
19.7884748257263,97
19.6121367945172,99.5
14.8548050393502,59.8
18.6172513820324,107
23.7951837038196,138
22.0605585556806,101.7
21.3369859102999,105.8
16.3277546076816,94.8
18.9205585188279,102.5
18.7976856482178,103.8
19.6679518521646,104
21.6675234042622,107.2
14.6392605895908,60.5
18.5064485653123,105.2
25.8998514698889,233
17.8959322953089,101.4
21.4183742231838,102.4
